Vaga;Data;Link
Assistente Administrativo(a) de Recursos Humanos;17/10/2024;vaga/assistente-administrativo-a-de-recursos-humanos/vitoria-es/181638/
Gerente Geral de Loja l Vitória/ES;17/10/2024;vaga/gerente-geral-de-loja-l-vitoria-es/vitoria-es/181646/
Técnico(a) de Instrumentação;17/10/2024;vaga/tecnico-a-de-instrumentacao/vitoria-es/181649/
Técnico(a) Eletricista;17/10/2024;vaga/tecnico-a-eletricista/vitoria-es/181650/
Técnico(a) Mecânico;17/10/2024;vaga/tecnico-a-mecanico/vitoria-es/181651/
Banco de Talentos TI 360 (Construa o futuro da tecnologia conosco!);17/10/2024;vaga/banco-de-talentos-ti-360-construa-o-futuro-da-tecnologia-conosco/vitoria-es/181652/
TECNICO SUPORTE II;17/10/2024;vaga/tecnico-suporte-ii/vitoria-es/181669/
Supervisor de Serviços de Suporte 1N Jr;17/10/2024;vaga/supervisor-de-servicos-de-suporte-1n-jr/vitoria-es/181671/
INSTALADOR DE FIBRA ÓPTICA - VITÓRIA/ES;17/10/2024;vaga/instalador-de-fibra-optica-vitoria-es/vitoria-es/181677/
Pessoa Consultora de Vendas - O Boticário Centro da Praia Shopping | Vitória/ES;17/10/2024;vaga/pessoa-consultora-de-vendas-o-boticario-centro-da-praia-shopping-vitoria-es/vitoria-es/181701/
Auxiliar de Açougue;17/10/2024;vaga/auxiliar-de-acougue/vitoria-es/181709/
Auxiliar de Cozinha Refeitório;17/10/2024;vaga/auxiliar-de-cozinha-refeitorio/vitoria-es/181710/
Empacotador(a);17/10/2024;vaga/empacotador-a/vitoria-es/181711/
Operador(a) de Caixa;17/10/2024;vaga/operador-a-de-caixa/vitoria-es/181712/
Operador(a) de Caixa;17/10/2024;vaga/operador-a-de-caixa/vitoria-es/181713/
Operador(a) de Loja ;17/10/2024;vaga/operador-a-de-loja/vitoria-es/181714/
Operador(a) de Loja ;17/10/2024;vaga/operador-a-de-loja/vitoria-es/181715/
Operador(a) de Loja ;17/10/2024;vaga/operador-a-de-loja/vitoria-es/181716/
Operador(a) de Loja - Mercearia;17/10/2024;vaga/operador-a-de-loja-mercearia/vitoria-es/181717/
Operador(a) de Loja Pleno;17/10/2024;vaga/operador-a-de-loja-pleno/vitoria-es/181718/
